{
  "accuracy": 0.7738095238095238,
  "precision_macro": 0.6848739495798319,
  "recall_macro": 0.6773109243697479,
  "f1_macro": 0.6714285714285714,
  "f1_weighted": 0.7638655462184874,
  "precision_weighted": 0.765546218487395,
  "recall_weighted": 0.7738095238095238,
  "roc_auc_macro": 0.942016806722689,
  "roc_auc_weighted": 0.9545378151260504
}